{"_timestamp":1.7319502505500052e+09,"_runtime":0.803436293,"_step":7,"_wandb":{"runtime":0},"acc":0.7788252985437915,"loss":0.13500269306773025}